index,d__Archaea,Unassigned,barcode-sequence,Plate_name,Primer_plate,Primer_well,Sample_Name,Timepoint,Group,Donor,Donor_Responder,Replicate,System
Illumina_65_001,26.0,0.0,CCTCGCATGACC,plaque1A01,3,A1,T0_A_1,T0,Control,7023,R,1,A
Illumina_65_002,2.0,0.0,GGCGTAACGGCA,plaque1A02,3,A2,T0_A_2,T0,Control,7023,R,2,A
Illumina_65_003,3.0,6.0,GCGAGGAAGTCC,plaque1A03,3,A3,T0_A_3,T0,Control,7023,R,3,A
Illumina_65_004,8.0,0.0,CAAATTCGGGAT,plaque1A04,3,A4,T0_A_4,T0,Probiotics,7023,R,1,A
Illumina_65_005,3.0,18.0,TTGTGTCTCCCT,plaque1A05,3,A5,T0_A_5,T0,Probiotics,7023,R,2,A
Illumina_65_006,4.0,7.0,CAATGTAGACAC,plaque1A06,3,A6,T0_A_6,T0,Probiotics,7023,R,3,A
Illumina_65_007,39.0,6.0,AACCACTAACCG,plaque1A07,3,A7,T0_A_7,T0,Control,7024,NR,1,A
Illumina_65_008,25.0,260.0,AACTTTCAGGAG,plaque1A08,3,A8,T0_A_8,T0,Control,7024,NR,2,A
Illumina_65_009,30.0,23.0,CCAGGACAGGAA,plaque1A09,3,A9,T0_A_9,T0,Control,7024,NR,3,A
Illumina_65_010,26.0,16.0,GCGCGGCGTTGC,plaque1A10,3,A10,T0_A_10,T0,Probiotics,7024,NR,1,A
Illumina_65_011,72.0,111.0,GTCGCTTGCACA,plaque1A11,3,A11,T0_A_11,T0,Probiotics,7024,NR,2,A
Illumina_65_012,24.0,32.0,TCCGCCTAGTCG,plaque1A12,3,A12,T0_A_12,T0,Probiotics,7024,NR,3,A
Illumina_65_013,0.0,0.0,CGCGCAAGTATT,plaque1B01,3,B1,T0_A_13,T0,Control,7015,R,1,A
Illumina_65_014,176.0,5.0,AATACAGACCTG,plaque1B02,3,B2,T0_A_14,T0,Control,7015,R,2,A
Illumina_65_015,141.0,0.0,GGACAAGTGCGA,plaque1B03,3,B3,T0_A_15,T0,Control,7015,R,3,A
Illumina_65_016,168.0,0.0,TACGGTCTGGAT,plaque1B04,3,B4,T0_A_16,T0,Probiotics,7015,R,1,A
Illumina_65_017,175.0,0.0,TTCAGTTCGTTA,plaque1B05,3,B5,T0_A_17,T0,Probiotics,7015,R,2,A
Illumina_65_018,95.0,0.0,CCGCGTCTCAAC,plaque1B06,3,B6,T0_A_18,T0,Probiotics,7015,R,3,A
Illumina_65_019,122.0,3.0,CCGAGGTATAAT,plaque1B07,3,B7,T0_A_19,T0,Control,7038,NR,1,A
Illumina_65_020,182.0,0.0,AGATTCGCTCGA,plaque1B08,3,B8,T0_A_20,T0,Control,7038,NR,2,A
Illumina_65_021,82.0,3.0,TTGCCGCTCTGG,plaque1B09,3,B9,T0_A_21,T0,Control,7038,NR,3,A
Illumina_65_022,114.0,3.0,AGACTTCTCAGG,plaque1B10,3,B10,T0_A_22,T0,Probiotics,7038,NR,1,A
Illumina_65_023,117.0,0.0,TCTTGCGGAGTC,plaque1B11,3,B11,T0_A_23,T0,Probiotics,7038,NR,2,A
Illumina_65_024,228.0,0.0,CTATCTCCTGTC,plaque1B12,3,B12,T0_A_24,T0,Probiotics,7038,NR,3,A
Illumina_65_025,4.0,3.0,AAGGCGCTCCTT,plaque1C01,3,C1,T0_B_1,T0,Control,7017,R,1,B
Illumina_65_026,4.0,0.0,GATCTAATCGAG,plaque1C02,3,C2,T0_B_2,T0,Control,7017,R,2,B
Illumina_65_027,0.0,5.0,CTGATGTACACG,plaque1C03,3,C3,T0_B_3,T0,Control,7017,R,3,B
Illumina_65_028,0.0,8.0,ACGTATTCGAAG,plaque1C04,3,C4,T0_B_4,T0,Probiotics,7017,R,1,B
Illumina_65_029,8.0,0.0,GACGTTAAGAAT,plaque1C05,3,C5,T0_B_5,T0,Probiotics,7017,R,2,B
Illumina_65_030,5.0,0.0,TGGTGGAGTTTC,plaque1C06,3,C6,T0_B_6,T0,Probiotics,7017,R,3,B
Illumina_65_031,0.0,9.0,TTAACAAGGCAA,plaque1C07,3,C7,T0_B_7,T0,Control,7019,NR,1,B
Illumina_65_032,0.0,0.0,AACCGCATAAGT,plaque1C08,3,C8,T0_B_8,T0,Control,7019,NR,2,B
Illumina_65_033,51.0,0.0,CCACAACGATCA,plaque1C09,3,C9,T0_B_9,T0,Control,7019,NR,3,B
Illumina_65_034,0.0,2.0,AGTTCTCATTAA,plaque1C10,3,C10,T0_B_10,T0,Probiotics,7019,NR,1,B
Illumina_65_035,46.0,0.0,GAGCCATCTGTA,plaque1C11,3,C11,T0_B_11,T0,Probiotics,7019,NR,2,B
Illumina_65_036,30.0,0.0,GATATACCAGTG,plaque1C12,3,C12,T0_B_12,T0,Probiotics,7019,NR,3,B
Illumina_65_037,239.0,6.0,CGCAATGAGGGA,plaque1D01,3,D1,T0_B_13,T0,Control,7005,R,1,B
Illumina_65_038,223.0,0.0,CCGCAGCCGCAG,plaque1D02,3,D2,T0_B_14,T0,Control,7005,R,2,B
Illumina_65_039,260.0,0.0,TGGAGCCTTGTC,plaque1D03,3,D3,T0_B_15,T0,Control,7005,R,3,B
Illumina_65_040,273.0,0.0,TTACTTATCCGA,plaque1D04,3,D4,T0_B_16,T0,Probiotics,7005,R,1,B
Illumina_65_041,499.0,8.0,ATGGGACCTTCA,plaque1D05,3,D5,T0_B_17,T0,Probiotics,7005,R,2,B
Illumina_65_042,200.0,0.0,TCCGATAATCGG,plaque1D06,3,D6,T0_B_18,T0,Probiotics,7005,R,3,B
Illumina_65_043,49.0,0.0,AAGTCACACACA,plaque1D07,3,D7,T0_B_19,T0,Control,7014,NR,1,B
Illumina_65_044,106.0,6.0,GAAGTAGCGAGC,plaque1D08,3,D8,T0_B_20,T0,Control,7014,NR,2,B
Illumina_65_045,105.0,0.0,CACCATCTCCGG,plaque1D09,3,D9,T0_B_21,T0,Control,7014,NR,3,B
Illumina_65_046,0.0,4.0,GTGTCGAGGGCA,plaque1D10,3,D10,T0_B_22,T0,Probiotics,7014,NR,1,B
Illumina_65_047,44.0,3.0,TTCCACACGTGG,plaque1D11,3,D11,T0_B_23,T0,Probiotics,7014,NR,2,B
Illumina_65_048,142.0,23.0,AGAATCCACCAC,plaque1D12,3,D12,T0_B_24,T0,Probiotics,7014,NR,3,B
Illumina_65_049,9.0,0.0,ACGGCGTTATGT,plaque1E01,3,E1,T3_A_1,T3,Control,7023,R,1,A
Illumina_65_050,16.0,0.0,GAACCGTGCAGG,plaque1E02,3,E2,T3_A_2,T3,Control,7023,R,2,A
Illumina_65_051,5.0,12.0,ACGTGCCTTAGA,plaque1E03,3,E3,T3_A_3,T3,Control,7023,R,3,A
Illumina_65_052,42.0,21.0,AGTTGTAGTCCG,plaque1E04,3,E4,T3_A_4,T3,Probiotics,7023,R,1,A
Illumina_65_053,9.0,64.0,AGGGACTTCAAT,plaque1E05,3,E5,T3_A_5,T3,Probiotics,7023,R,2,A
Illumina_65_054,56.0,16.0,CGGCCAGAAGCA,plaque1E06,3,E6,T3_A_6,T3,Probiotics,7023,R,3,A
Illumina_65_055,30.0,25.0,TGGCAGCGAGCC,plaque1E07,3,E7,T3_A_7,T3,Control,7024,NR,1,A
Illumina_65_056,16.0,15.0,GTGAATGTTCGA,plaque1E08,3,E8,T3_A_8,T3,Control,7024,NR,2,A
Illumina_65_057,0.0,49.0,TATGTTGACGGC,plaque1E09,3,E9,T3_A_9,T3,Control,7024,NR,3,A
Illumina_65_058,40.0,12.0,AGTGTTTCGGAC,plaque1E10,3,E10,T3_A_10,T3,Probiotics,7024,NR,1,A
Illumina_65_059,9.0,0.0,ATTTCCGCTAAT,plaque1E11,3,E11,T3_A_11,T3,Probiotics,7024,NR,2,A
Illumina_65_060,58.0,65.0,CAAACCTATGGC,plaque1E12,3,E12,T3_A_12,T3,Probiotics,7024,NR,3,A
Illumina_65_061,0.0,8.0,CATTTGACGACG,plaque1F01,3,F1,T3_A_13,T3,Control,7015,R,1,A
Illumina_65_062,9.0,28.0,ACTAAGTACCCG,plaque1F02,3,F2,T3_A_14,T3,Control,7015,R,2,A
Illumina_65_063,0.0,0.0,CACCCTTGCGAC,plaque1F03,3,F3,T3_A_15,T3,Control,7015,R,3,A
Illumina_65_064,0.0,8.0,GATGCCTAATGA,plaque1F04,3,F4,T3_A_16,T3,Probiotics,7015,R,1,A
Illumina_65_065,2.0,2.0,GTACGTCACTGA,plaque1F05,3,F5,T3_A_17,T3,Probiotics,7015,R,2,A
Illumina_65_066,4.0,12.0,TCGCTACAGATG,plaque1F06,3,F6,T3_A_18,T3,Probiotics,7015,R,3,A
Illumina_65_067,7.0,4.0,CCGGCTTATGTG,plaque1F07,3,F7,T3_A_19,T3,Control,7038,NR,1,A
Illumina_65_068,13.0,42.0,ATAGTCCTTTAA,plaque1F08,3,F8,T3_A_20,T3,Control,7038,NR,2,A
Illumina_65_069,9.0,3.0,TCGAGCCGATCT,plaque1F09,3,F9,T3_A_21,T3,Control,7038,NR,3,A
Illumina_65_070,13.0,32.0,AGTGCAGGAGCC,plaque1F10,3,F10,T3_A_22,T3,Probiotics,7038,NR,1,A
Illumina_65_071,12.0,0.0,GTACTCGAACCA,plaque1F11,3,F11,T3_A_23,T3,Probiotics,7038,NR,2,A
Illumina_65_072,2.0,11.0,ATAGGAATAACC,plaque1F12,3,F12,T3_A_24,T3,Probiotics,7038,NR,3,A
Illumina_65_073,205.0,76.0,GCTGCGTATACC,plaque1G01,3,G1,T3_B_1,T3,Control,7017,R,1,B
Illumina_65_074,11.0,16.0,CTCAGCGGGACG,plaque1G02,3,G2,T3_B_2,T3,Control,7017,R,2,B
Illumina_65_075,8.0,83.0,ATGCCTCGTAAG,plaque1G03,3,G3,T3_B_3,T3,Control,7017,R,3,B
Illumina_65_076,20.0,31.0,TTAGTTTGTCAC,plaque1G04,3,G4,T3_B_4,T3,Probiotics,7017,R,1,B
Illumina_65_077,15.0,11.0,CCGGCCGCGTGC,plaque1G05,3,G5,T3_B_5,T3,Probiotics,7017,R,2,B
Illumina_65_078,2.0,0.0,ATTATGATTATG,plaque1G06,3,G6,T3_B_6,T3,Probiotics,7017,R,3,B
Illumina_65_079,12.0,14.0,CGAATACTGACA,plaque1G07,3,G7,T3_B_7,T3,Control,7019,NR,1,B
Illumina_65_080,8.0,26.0,TCTTATAACGCT,plaque1G08,3,G8,T3_B_8,T3,Control,7019,NR,2,B
Illumina_65_081,3.0,0.0,TAAGGTCGATAA,plaque1G09,3,G9,T3_B_9,T3,Control,7019,NR,3,B
Illumina_65_082,7.0,14.0,GTTGCTGAGTCC,plaque1G10,3,G10,T3_B_10,T3,Probiotics,7019,NR,1,B
Illumina_65_083,0.0,0.0,ACACCGCACAAT,plaque1G11,3,G11,T3_B_11,T3,Probiotics,7019,NR,2,B
Illumina_65_084,13.0,8.0,CACAACCACAAC,plaque1G12,3,G12,T3_B_12,T3,Probiotics,7019,NR,3,B
Illumina_65_085,68.0,55.0,GAGAAGCTTATA,plaque1H01,3,H1,T3_B_13,T3,Control,7005,R,1,B
Illumina_65_086,97.0,52.0,GTTAACTTACTA,plaque1H02,3,H2,T3_B_14,T3,Control,7005,R,2,B
Illumina_65_087,41.0,54.0,GTTGTTCTGGGA,plaque1H03,3,H3,T3_B_15,T3,Control,7005,R,3,B
Illumina_65_088,17.0,6.0,AGGGTGACTTTA,plaque1H04,3,H4,T3_B_16,T3,Probiotics,7005,R,1,B
Illumina_65_089,31.0,12.0,GCCGCCAGGGTC,plaque1H05,3,H5,T3_B_17,T3,Probiotics,7005,R,2,B
Illumina_65_090,11.0,15.0,GCCACCGCCGGA,plaque1H06,3,H6,T3_B_18,T3,Probiotics,7005,R,3,B
Illumina_65_091,0.0,11.0,ACACACCCTGAC,plaque1H07,3,H7,T3_B_19,T3,Control,7014,NR,1,B
Illumina_65_092,43.0,44.0,TATAGGCTCCGC,plaque1H08,3,H8,T3_B_20,T3,Control,7014,NR,2,B
Illumina_65_093,0.0,5.0,ATAATTGCCGAG,plaque1H09,3,H9,T3_B_21,T3,Control,7014,NR,3,B
Illumina_65_094,8.0,17.0,CGGAGAGACATG,plaque1H10,3,H10,T3_B_22,T3,Probiotics,7014,NR,1,B
Illumina_65_095,27.0,12.0,CAGCCCTACCCA,plaque1H11,3,H11,T3_B_23,T3,Probiotics,7014,NR,2,B
Illumina_65_096,32.0,58.0,TCGTTGGGACTA,plaque1H12,3,H12,T3_B_24,T3,Probiotics,7014,NR,3,B
Illumina_65_097,5.0,0.0,TAGGACGGGAGT,plaque2A01,4,A1,T4_A_1,T4,Control,7023,R,1,A
Illumina_65_098,6.0,2.0,AAGTCTTATCTC,plaque2A02,4,A2,T4_A_2,T4,Control,7023,R,2,A
Illumina_65_099,0.0,0.0,TTGCACCGTCGA,plaque2A03,4,A3,T4_A_3,T4,Control,7023,R,3,A
Illumina_65_100,0.0,0.0,CTCCGAACAACA,plaque2A04,4,A4,T4_A_4,T4,Probiotics,7023,R,1,A
Illumina_65_101,6.0,4.0,TCTGGCTACGAC,plaque2A05,4,A5,T4_A_5,T4,Probiotics,7023,R,2,A
Illumina_65_102,10.0,40.0,AGTAGTTTCCTT,plaque2A06,4,A6,T4_A_6,T4,Probiotics,7023,R,3,A
Illumina_65_103,2.0,4.0,CAGATCCCAACC,plaque2A07,4,A7,T4_A_7,T4,Control,7024,NR,1,A
Illumina_65_104,0.0,0.0,GATAGCACTCGT,plaque2A08,4,A8,T4_A_8,T4,Control,7024,NR,2,A
Illumina_65_105,7.0,0.0,GTAATTGTAATT,plaque2A09,4,A9,T4_A_9,T4,Control,7024,NR,3,A
Illumina_65_106,0.0,0.0,TGCTACAGACGT,plaque2A10,4,A10,T4_A_10,T4,Probiotics,7024,NR,1,A
Illumina_65_107,3.0,0.0,AGGTGAGTTCTA,plaque2A11,4,A11,T4_A_11,T4,Probiotics,7024,NR,2,A
Illumina_65_108,0.0,8.0,AACGATCATAGA,plaque2A12,4,A12,T4_A_12,T4,Probiotics,7024,NR,3,A
Illumina_65_109,0.0,0.0,GTTTGGCCACAC,plaque2B01,4,B1,T4_A_13,T4,Control,7015,R,1,A
Illumina_65_110,8.0,0.0,GTCCTACACAGC,plaque2B02,4,B2,T4_A_14,T4,Control,7015,R,2,A
Illumina_65_111,0.0,0.0,ATTTACAATTGA,plaque2B03,4,B3,T4_A_15,T4,Control,7015,R,3,A
Illumina_65_112,3.0,0.0,CCACTGCCCACC,plaque2B04,4,B4,T4_A_16,T4,Probiotics,7015,R,1,A
Illumina_65_113,11.0,0.0,ATAGTTAGGGCT,plaque2B05,4,B5,T4_A_17,T4,Probiotics,7015,R,2,A
Illumina_65_114,0.0,0.0,GACCCGTTTCGC,plaque2B06,4,B6,T4_A_18,T4,Probiotics,7015,R,3,A
Illumina_65_115,0.0,0.0,TGACTGCGTTAG,plaque2B07,4,B7,T4_A_19,T4,Control,7038,NR,1,A
Illumina_65_116,2.0,0.0,ACGTTAATATTC,plaque2B08,4,B8,T4_A_20,T4,Control,7038,NR,2,A
Illumina_65_117,0.0,0.0,TCTAACGAGTGC,plaque2B09,4,B9,T4_A_21,T4,Control,7038,NR,3,A
Illumina_65_118,0.0,0.0,GATCCCACGTAC,plaque2B10,4,B10,T4_A_22,T4,Probiotics,7038,NR,1,A
Illumina_65_119,28.0,0.0,CCGCCAGCTTTG,plaque2B11,4,B11,T4_A_23,T4,Probiotics,7038,NR,2,A
Illumina_65_120,169.0,0.0,TCATCTTGATTG,plaque2B12,4,B12,T4_A_24,T4,Probiotics,7038,NR,3,A
Illumina_65_121,21.0,8.0,TATATAGTATCC,plaque2C01,4,C1,T4_B_1,T4,Control,7017,R,1,B
Illumina_65_122,29.0,13.0,ACTGTTTACTGT,plaque2C02,4,C2,T4_B_2,T4,Control,7017,R,2,B
Illumina_65_123,6.0,6.0,GTCACGGACATT,plaque2C03,4,C3,T4_B_3,T4,Control,7017,R,3,B
Illumina_65_124,6.0,0.0,GAATATACCTGG,plaque2C04,4,C4,T4_B_4,T4,Probiotics,7017,R,1,B
Illumina_65_125,10.0,0.0,GAATCTGACAAC,plaque2C05,4,C5,T4_B_5,T4,Probiotics,7017,R,2,B
Illumina_65_126,0.0,0.0,ATTGCCTTGATT,plaque2C06,4,C6,T4_B_6,T4,Probiotics,7017,R,3,B
Illumina_65_127,3.0,0.0,GAGCCCAAAGAG,plaque2C07,4,C7,T4_B_7,T4,Control,7019,NR,1,B
Illumina_65_128,7.0,4.0,CCATGTGGCTCC,plaque2C08,4,C8,T4_B_8,T4,Control,7019,NR,2,B
Illumina_65_129,0.0,0.0,CGTTCCTTGTTA,plaque2C09,4,C9,T4_B_9,T4,Control,7019,NR,3,B
Illumina_65_130,2.0,0.0,CGCTAGGATGTT,plaque2C10,4,C10,T4_B_10,T4,Probiotics,7019,NR,1,B
Illumina_65_131,0.0,0.0,AGCGGTAGCGGT,plaque2C11,4,C11,T4_B_11,T4,Probiotics,7019,NR,2,B
Illumina_65_132,0.0,0.0,GTCAGTATGGCT,plaque2C12,4,C12,T4_B_12,T4,Probiotics,7019,NR,3,B
Illumina_65_133,33.0,0.0,CATAAGGGAGGC,plaque2D01,4,D1,T4_B_13,T4,Control,7005,R,1,B
Illumina_65_134,230.0,21.0,CAGGCCACTCTC,plaque2D02,4,D2,T4_B_14,T4,Control,7005,R,2,B
Illumina_65_135,67.0,2.0,ACAGTTGTACGC,plaque2D03,4,D3,T4_B_15,T4,Control,7005,R,3,B
Illumina_65_136,22.0,7.0,ACCAGAAATGTC,plaque2D04,4,D4,T4_B_16,T4,Probiotics,7005,R,1,B
Illumina_65_137,28.0,13.0,CTCATCATGTTC,plaque2D05,4,D5,T4_B_17,T4,Probiotics,7005,R,2,B
Illumina_65_138,15.0,0.0,TTAGGATTCTAT,plaque2D06,4,D6,T4_B_18,T4,Probiotics,7005,R,3,B
Illumina_65_139,0.0,0.0,CAACGAACCATC,plaque2D07,4,D7,T4_B_19,T4,Control,7014,NR,1,B
Illumina_65_140,6.0,8.0,ACACGTTTGGGT,plaque2D08,4,D8,T4_B_20,T4,Control,7014,NR,2,B
Illumina_65_141,0.0,0.0,CGTCGCAGCCTT,plaque2D09,4,D9,T4_B_21,T4,Control,7014,NR,3,B
Illumina_65_142,0.0,2.0,CTACTTACATCC,plaque2D10,4,D10,T4_B_22,T4,Probiotics,7014,NR,1,B
Illumina_65_143,3.0,9.0,CGCACGTACCTC,plaque2D11,4,D11,T4_B_23,T4,Probiotics,7014,NR,2,B
Illumina_65_144,12.0,6.0,GTCCTCGCGACT,plaque2D12,4,D12,T4_B_24,T4,Probiotics,7014,NR,3,B
Illumina_65_145,16.0,8.0,GTGCAACCAATC,plaque2E01,4,E1,T5_A_1,T5,Control,7023,R,1,A
Illumina_65_146,3.0,0.0,ACCCAAGCGTTA,plaque2E02,4,E2,T5_A_2,T5,Control,7023,R,2,A
Illumina_65_147,0.0,5.0,ACTGGCAAACCT,plaque2E03,4,E3,T5_A_3,T5,Control,7023,R,3,A
Illumina_65_148,6.0,3.0,AACACCATCGAC,plaque2E04,4,E4,T5_A_4,T5,Probiotics,7023,R,1,A
Illumina_65_149,0.0,0.0,TTATCCAGTCCT,plaque2E05,4,E5,T5_A_5,T5,Probiotics,7023,R,2,A
Illumina_65_150,0.0,3.0,GTTTATCTTAAG,plaque2E06,4,E6,T5_A_6,T5,Probiotics,7023,R,3,A
Illumina_65_151,0.0,5.0,GTTCGCCGCATC,plaque2E07,4,E7,T5_A_7,T5,Control,7024,NR,1,A
Illumina_65_152,8.0,4.0,AGACTATTTCAT,plaque2E08,4,E8,T5_A_8,T5,Control,7024,NR,2,A
Illumina_65_153,0.0,0.0,AGCGATTCCTCG,plaque2E09,4,E9,T5_A_9,T5,Control,7024,NR,3,A
Illumina_65_154,0.0,0.0,ACCACCGTAACC,plaque2E10,4,E10,T5_A_10,T5,Probiotics,7024,NR,1,A
Illumina_65_155,3.0,0.0,AGGAAGTAACTT,plaque2E11,4,E11,T5_A_11,T5,Probiotics,7024,NR,2,A
Illumina_65_156,3.0,13.0,CGTTCGCTAGCC,plaque2E12,4,E12,T5_A_12,T5,Probiotics,7024,NR,3,A
Illumina_65_157,4.0,7.0,CTCACCTAGGAA,plaque2F01,4,F1,T5_A_13,T5,Control,7015,R,1,A
Illumina_65_158,3.0,0.0,AGATGCAATGAT,plaque2F02,4,F2,T5_A_14,T5,Control,7015,R,2,A
Illumina_65_159,0.0,3.0,GCATTCGGCGTT,plaque2F03,4,F3,T5_A_15,T5,Control,7015,R,3,A
Illumina_65_160,0.0,0.0,TCTACATACATA,plaque2F04,4,F4,T5_A_16,T5,Probiotics,7015,R,1,A
Illumina_65_161,9.0,0.0,GAGTCTTGGTAA,plaque2F05,4,F5,T5_A_17,T5,Probiotics,7015,R,2,A
Illumina_65_162,0.0,0.0,CAGTCTAGTACG,plaque2F06,4,F6,T5_A_18,T5,Probiotics,7015,R,3,A
Illumina_65_163,0.0,0.0,GTTCGAGTGAAT,plaque2F07,4,F7,T5_A_19,T5,Control,7038,NR,1,A
Illumina_65_164,3.0,7.0,AGTCCGAGTTGT,plaque2F08,4,F8,T5_A_20,T5,Control,7038,NR,2,A
Illumina_65_165,3.0,6.0,CGTGAGGACCAG,plaque2F09,4,F9,T5_A_21,T5,Control,7038,NR,3,A
Illumina_65_166,9.0,0.0,CGGTTGGCGGGT,plaque2F10,4,F10,T5_A_22,T5,Probiotics,7038,NR,1,A
Illumina_65_167,80.0,14.0,CGATTCCTTAAT,plaque2F11,4,F11,T5_A_23,T5,Probiotics,7038,NR,2,A
Illumina_65_168,481.0,0.0,TGCCTGCTCGAC,plaque2F12,4,F12,T5_A_24,T5,Probiotics,7038,NR,3,A
Illumina_65_169,0.0,0.0,TACTGTACTGTT,plaque2G01,4,G1,T5_B_1,T5,Control,7017,R,1,B
Illumina_65_170,21.0,18.0,TCTCGCACTGGA,plaque2G02,4,G2,T5_B_2,T5,Control,7017,R,2,B
Illumina_65_171,2.0,38.0,ACCAGTGACTCA,plaque2G03,4,G3,T5_B_3,T5,Control,7017,R,3,B
Illumina_65_172,7.0,28.0,TGGCGCACGGAC,plaque2G04,4,G4,T5_B_4,T5,Probiotics,7017,R,1,B
Illumina_65_173,0.0,0.0,CATTTACATCAC,plaque2G05,4,G5,T5_B_5,T5,Probiotics,7017,R,2,B
Illumina_65_174,0.0,15.0,GTGGGACTGCGC,plaque2G06,4,G6,T5_B_6,T5,Probiotics,7017,R,3,B
Illumina_65_175,5.0,15.0,CGGCCTAAGTTC,plaque2G07,4,G7,T5_B_7,T5,Control,7019,NR,1,B
Illumina_65_176,2.0,3.0,GCTGAGCCTTTG,plaque2G08,4,G8,T5_B_8,T5,Control,7019,NR,2,B
Illumina_65_177,0.0,0.0,AGAGACGCGTAG,plaque2G09,4,G9,T5_B_9,T5,Control,7019,NR,3,B
Illumina_65_178,7.0,12.0,CCACCGGGCCGA,plaque2G10,4,G10,T5_B_10,T5,Probiotics,7019,NR,1,B
Illumina_65_179,9.0,5.0,AATCCGGTCACC,plaque2G11,4,G11,T5_B_11,T5,Probiotics,7019,NR,2,B
Illumina_65_180,0.0,4.0,TCTTACCCATAA,plaque2G12,4,G12,T5_B_12,T5,Probiotics,7019,NR,3,B
Illumina_65_181,157.0,39.0,CTAGAGCTCCCA,plaque2H01,4,H1,T5_B_13,T5,Control,7005,R,1,B
Illumina_65_182,143.0,18.0,GGTCTTAGCACC,plaque2H02,4,H2,T5_B_14,T5,Control,7005,R,2,B
Illumina_65_183,172.0,14.0,GCCTACTCTCGG,plaque2H03,4,H3,T5_B_15,T5,Control,7005,R,3,B
Illumina_65_184,70.0,9.0,ACTGCCCGATAC,plaque2H04,4,H4,T5_B_16,T5,Probiotics,7005,R,1,B
Illumina_65_185,43.0,28.0,TTCTTAACGCCT,plaque2H05,4,H5,T5_B_17,T5,Probiotics,7005,R,2,B
Illumina_65_186,39.0,8.0,CTCCCGAGCTCC,plaque2H06,4,H6,T5_B_18,T5,Probiotics,7005,R,3,B
Illumina_65_187,0.0,0.0,TAGACTTCAGAG,plaque2H07,4,H7,T5_B_19,T5,Control,7014,NR,1,B
Illumina_65_188,4.0,59.0,ACTTAGACTCTT,plaque2H08,4,H8,T5_B_20,T5,Control,7014,NR,2,B
Illumina_65_189,0.0,0.0,GGACCTGGATGG,plaque2H09,4,H9,T5_B_21,T5,Control,7014,NR,3,B
Illumina_65_190,0.0,40.0,TATGTGCCGGCT,plaque2H10,4,H10,T5_B_22,T5,Probiotics,7014,NR,1,B
Illumina_65_191,0.0,6.0,ATACCGTCTTTC,plaque2H11,4,H11,T5_B_23,T5,Probiotics,7014,NR,2,B
Illumina_65_192,15.0,24.0,TGTGCTTGTAGG,plaque2H12,4,H12,T5_B_24,T5,Probiotics,7014,NR,3,B
Illumina_65_193,5.0,0.0,ATGTTAGGGAAT,plaque3A01,5,A1,T7_A_1,T7,Control,7023,R,1,A
Illumina_65_194,19.0,68.0,GCTAGTTATGGA,plaque3A02,5,A2,T7_A_2,T7,Control,7023,R,2,A
Illumina_65_195,22.0,10.0,TCATCCGTCGGC,plaque3A03,5,A3,T7_A_3,T7,Control,7023,R,3,A
Illumina_65_196,29.0,102.0,ATTTGGCTCTTA,plaque3A04,5,A4,T7_A_4,T7,Probiotics,7023,R,1,A
Illumina_65_197,7.0,10.0,GATCCGGCAGGA,plaque3A05,5,A5,T7_A_5,T7,Probiotics,7023,R,2,A
Illumina_65_198,10.0,27.0,GTTAAGCTGACC,plaque3A06,5,A6,T7_A_6,T7,Probiotics,7023,R,3,A
Illumina_65_199,38.0,10.0,CCTATTGCGGCC,plaque3A07,5,A7,T7_A_7,T7,Control,7024,NR,1,A
Illumina_65_200,0.0,4.0,CAATAGAATAAG,plaque3A08,5,A8,T7_A_8,T7,Control,7024,NR,2,A
Illumina_65_201,2.0,0.0,ACATAGCGGTTC,plaque3A09,5,A9,T7_A_9,T7,Control,7024,NR,3,A
Illumina_65_202,0.0,4.0,GCGTGGTCATTA,plaque3A10,5,A10,T7_A_10,T7,Probiotics,7024,NR,1,A
Illumina_65_203,23.0,0.0,GATTCTTTAGAT,plaque3A11,5,A11,T7_A_11,T7,Probiotics,7024,NR,2,A
Illumina_65_204,0.0,24.0,CGGATCTAGTGT,plaque3A12,5,A12,T7_A_12,T7,Probiotics,7024,NR,3,A
Illumina_65_205,455.0,13.0,AAGTGGCTATCC,plaque3B01,5,B1,T7_A_13,T7,Control,7015,R,1,A
Illumina_65_206,516.0,12.0,ACTAGTTGGACC,plaque3B02,5,B2,T7_A_14,T7,Control,7015,R,2,A
Illumina_65_207,319.0,0.0,GGCTTCGGAGCG,plaque3B03,5,B3,T7_A_15,T7,Control,7015,R,3,A
Illumina_65_208,153.0,0.0,CGCGTCAAACTA,plaque3B04,5,B4,T7_A_16,T7,Probiotics,7015,R,1,A
Illumina_65_209,80.0,49.0,CTTCCAACTCAT,plaque3B05,5,B5,T7_A_17,T7,Probiotics,7015,R,2,A
Illumina_65_210,7.0,0.0,GCCTAGCCCAAT,plaque3B06,5,B6,T7_A_18,T7,Probiotics,7015,R,3,A
Illumina_65_211,0.0,0.0,GTTAGGGAGCGA,plaque3B07,5,B7,T7_A_19,T7,Control,7038,NR,1,A
Illumina_65_212,4.0,0.0,TATACCGCTGCG,plaque3B08,5,B8,T7_A_20,T7,Control,7038,NR,2,A
Illumina_65_213,4.0,0.0,CTTACACTGCTT,plaque3B09,5,B9,T7_A_21,T7,Control,7038,NR,3,A
Illumina_65_214,20.0,14.0,CCTGCACCTGCA,plaque3B10,5,B10,T7_A_22,T7,Probiotics,7038,NR,1,A
Illumina_65_215,3.0,38.0,AGGACAAACTAT,plaque3B11,5,B11,T7_A_23,T7,Probiotics,7038,NR,2,A
Illumina_65_216,10.0,13.0,ATAACGGTGTAC,plaque3B12,5,B12,T7_A_24,T7,Probiotics,7038,NR,3,A
Illumina_65_217,7.0,0.0,GTCGTTACCCGC,plaque3C01,5,C1,T7_B_1,T7,Control,7017,R,1,B
Illumina_65_218,6.0,46.0,CGCAAGCCCGCG,plaque3C02,5,C2,T7_B_2,T7,Control,7017,R,2,B
Illumina_65_219,2.0,0.0,CGGTCAATTGAC,plaque3C03,5,C3,T7_B_3,T7,Control,7017,R,3,B
Illumina_65_220,4.0,3.0,ATGTTCCTCATC,plaque3C04,5,C4,T7_B_4,T7,Probiotics,7017,R,1,B
Illumina_65_221,0.0,19.0,CGACCTCGCATA,plaque3C05,5,C5,T7_B_5,T7,Probiotics,7017,R,2,B
Illumina_65_222,6.0,8.0,CATTCGTGGCGT,plaque3C06,5,C6,T7_B_6,T7,Probiotics,7017,R,3,B
Illumina_65_223,10.0,13.0,AGTACGCAGTCT,plaque3C07,5,C7,T7_B_7,T7,Control,7019,NR,1,B
Illumina_65_224,0.0,0.0,CAGTGCACGTCT,plaque3C08,5,C8,T7_B_8,T7,Control,7019,NR,2,B
Illumina_65_225,2.0,0.0,ACTCACAGGAAT,plaque3C09,5,C9,T7_B_9,T7,Control,7019,NR,3,B
Illumina_65_226,12.0,22.0,TGGTGTTTATAT,plaque3C10,5,C10,T7_B_10,T7,Probiotics,7019,NR,1,B
Illumina_65_227,4.0,5.0,TCTTCCTAAAGT,plaque3C11,5,C11,T7_B_11,T7,Probiotics,7019,NR,2,B
Illumina_65_228,4.0,31.0,GCCCTTCCCGTG,plaque3C12,5,C12,T7_B_12,T7,Probiotics,7019,NR,3,B
Illumina_65_229,0.0,5.0,AGTATATGTTTC,plaque3D01,5,D1,T7_B_13,T7,Control,7005,R,1,B
Illumina_65_230,0.0,0.0,AGAGCGGAACAA,plaque3D02,5,D2,T7_B_14,T7,Control,7005,R,2,B
Illumina_65_231,0.0,0.0,TCCGCTGCTGAC,plaque3D03,5,D3,T7_B_15,T7,Control,7005,R,3,B
Illumina_65_232,0.0,0.0,TCCGTGGTATAG,plaque3D04,5,D4,T7_B_16,T7,Probiotics,7005,R,1,B
Illumina_65_233,0.0,0.0,GTCAGAGTATTG,plaque3D05,5,D5,T7_B_17,T7,Probiotics,7005,R,2,B
Illumina_65_234,0.0,0.0,GCGGTCGGTCAG,plaque3D06,5,D6,T7_B_18,T7,Probiotics,7005,R,3,B
Illumina_65_235,3.0,10.0,TATCCTGGTTTC,plaque3D07,5,D7,T7_B_19,T7,Control,7014,NR,1,B
Illumina_65_236,0.0,9.0,CTGGTGCTGAAT,plaque3D08,5,D8,T7_B_20,T7,Control,7014,NR,2,B
Illumina_65_237,21.0,0.0,GTTGAAGCACCT,plaque3D09,5,D9,T7_B_21,T7,Control,7014,NR,3,B
Illumina_65_238,0.0,3.0,GTGCGGTTCACT,plaque3D10,5,D10,T7_B_22,T7,Probiotics,7014,NR,1,B
Illumina_65_239,181.0,0.0,CTTGTGCGACAA,plaque3D11,5,D11,T7_B_23,T7,Probiotics,7014,NR,2,B
Illumina_65_240,1379.0,0.0,CACAGTTGAAGT,plaque3D12,5,D12,T7_B_24,T7,Probiotics,7014,NR,3,B
Illumina_65_241,6.0,0.0,GGCTCGTCGGAG,plaque3E01,5,E1,T9_A_1,T9,Control,7023,R,1,A
Illumina_65_242,0.0,0.0,ACATGGGCGGAA,plaque3E02,5,E2,T9_A_2,T9,Control,7023,R,2,A
Illumina_65_243,14.0,2.0,TGCGCGCCTTCC,plaque3E03,5,E3,T9_A_3,T9,Control,7023,R,3,A
Illumina_65_244,3.0,3.0,GTTGGTTGGCAT,plaque3E04,5,E4,T9_A_4,T9,Probiotics,7023,R,1,A
Illumina_65_245,8.0,7.0,GAACGATCATGT,plaque3E05,5,E5,T9_A_5,T9,Probiotics,7023,R,2,A
Illumina_65_246,9.0,0.0,TCAGTCAGATGA,plaque3E06,5,E6,T9_A_6,T9,Probiotics,7023,R,3,A
Illumina_65_247,0.0,3.0,CTGGTCTTACGG,plaque3E07,5,E7,T9_A_7,T9,Control,7024,NR,1,A
Illumina_65_248,14.0,6.0,ACAAAGGTATCA,plaque3E08,5,E8,T9_A_8,T9,Control,7024,NR,2,A
Illumina_65_249,0.0,18.0,GTAAACGACTTG,plaque3E09,5,E9,T9_A_9,T9,Control,7024,NR,3,A
Illumina_65_250,20.0,7.0,TAGCGCGAACTT,plaque3E10,5,E10,T9_A_10,T9,Probiotics,7024,NR,1,A
Illumina_65_251,0.0,5.0,GCGCTTAGAATA,plaque3E11,5,E11,T9_A_11,T9,Probiotics,7024,NR,2,A
Illumina_65_252,12.0,0.0,GCAAAGGCCCGC,plaque3E12,5,E12,T9_A_12,T9,Probiotics,7024,NR,3,A
Illumina_65_253,2.0,6.0,GACATCTGACAC,plaque3F01,5,F1,T9_A_13,T9,Control,7015,R,1,A
Illumina_65_254,0.0,0.0,CTGCGGATATAC,plaque3F02,5,F2,T9_A_14,T9,Control,7015,R,2,A
Illumina_65_255,0.0,2.0,GCGCACACCTTC,plaque3F03,5,F3,T9_A_15,T9,Control,7015,R,3,A
Illumina_65_256,6.0,0.0,AACGGGCGACGT,plaque3F04,5,F4,T9_A_16,T9,Probiotics,7015,R,1,A
Illumina_65_257,0.0,0.0,CTCCACATTCCT,plaque3F05,5,F5,T9_A_17,T9,Probiotics,7015,R,2,A
Illumina_65_258,7.0,0.0,CGAACGTCTATG,plaque3F06,5,F6,T9_A_18,T9,Probiotics,7015,R,3,A
Illumina_65_259,36.0,13.0,ATGCCGGTAATA,plaque3F07,5,F7,T9_A_19,T9,Control,7038,NR,1,A
Illumina_65_260,25.0,149.0,TGAACCCTATGG,plaque3F08,5,F8,T9_A_20,T9,Control,7038,NR,2,A
Illumina_65_261,566.0,32.0,TTGGACGTCCAC,plaque3F09,5,F9,T9_A_21,T9,Control,7038,NR,3,A
Illumina_65_262,903.0,4.0,ATGTAGGCTTAG,plaque3F10,5,F10,T9_A_22,T9,Probiotics,7038,NR,1,A
Illumina_65_263,1265.0,4.0,AGAGGAGTCGAC,plaque3F11,5,F11,T9_A_23,T9,Probiotics,7038,NR,2,A
Illumina_65_264,2089.0,0.0,CTCCCACTAGAG,plaque3F12,5,F12,T9_A_24,T9,Probiotics,7038,NR,3,A
Illumina_65_265,48.0,68.0,AATTTCCTAACA,plaque3G01,5,G1,T9_B_1,T9,Control,7017,R,1,B
Illumina_65_266,14.0,0.0,GTGAGGGCAAGT,plaque3G02,5,G2,T9_B_2,T9,Control,7017,R,2,B
Illumina_65_267,19.0,22.0,CACGAAAGCAGG,plaque3G03,5,G3,T9_B_3,T9,Control,7017,R,3,B
Illumina_65_268,13.0,12.0,TACTGAGCCTCG,plaque3G04,5,G4,T9_B_4,T9,Probiotics,7017,R,1,B
Illumina_65_269,35.0,29.0,TCTTCGCAGCAG,plaque3G05,5,G5,T9_B_5,T9,Probiotics,7017,R,2,B
Illumina_65_270,0.0,7.0,CAGTCCCTGCAC,plaque3G06,5,G6,T9_B_6,T9,Probiotics,7017,R,3,B
Illumina_65_271,73.0,43.0,ATCAAGATACGC,plaque3G07,5,G7,T9_B_7,T9,Control,7019,NR,1,B
Illumina_65_272,879.0,5.0,AATAAGCAATAG,plaque3G08,5,G8,T9_B_8,T9,Control,7019,NR,2,B
Illumina_65_273,39.0,0.0,GCACGCGAGCAC,plaque3G09,5,G9,T9_B_9,T9,Control,7019,NR,3,B
Illumina_65_274,35.0,11.0,GCATTACTGGAC,plaque3G10,5,G10,T9_B_10,T9,Probiotics,7019,NR,1,B
Illumina_65_275,8.0,4.0,GTCTCCTCCCTT,plaque3G11,5,G11,T9_B_11,T9,Probiotics,7019,NR,2,B
Illumina_65_276,26.0,37.0,AATAGATGCTGA,plaque3G12,5,G12,T9_B_12,T9,Probiotics,7019,NR,3,B
Illumina_65_277,399.0,0.0,ATAAACGGACAT,plaque3H01,5,H1,T9_B_13,T9,Control,7005,R,1,B
Illumina_65_278,705.0,7.0,ATATTGGCAGCC,plaque3H02,5,H2,T9_B_14,T9,Control,7005,R,2,B
Illumina_65_279,199.0,0.0,CGTGGCTTTCCG,plaque3H03,5,H3,T9_B_15,T9,Control,7005,R,3,B
Illumina_65_280,324.0,0.0,GGTGCAGACAGA,plaque3H04,5,H4,T9_B_16,T9,Probiotics,7005,R,1,B
Illumina_65_281,194.0,6.0,CACGCTATTGGA,plaque3H05,5,H5,T9_B_17,T9,Probiotics,7005,R,2,B
Illumina_65_282,995.0,0.0,TGATTTAATTGC,plaque3H06,5,H6,T9_B_18,T9,Probiotics,7005,R,3,B
Illumina_65_283,5.0,2.0,CTGAGGCCCTTC,plaque3H07,5,H7,T9_B_19,T9,Control,7014,NR,1,B
Illumina_65_284,6.0,11.0,TATGGGTAGCTA,plaque3H08,5,H8,T9_B_20,T9,Control,7014,NR,2,B
Illumina_65_285,48.0,4.0,CTTAGGCATGTG,plaque3H09,5,H9,T9_B_21,T9,Control,7014,NR,3,B
Illumina_65_286,9.0,0.0,TCCGGACTCCTG,plaque3H10,5,H10,T9_B_22,T9,Probiotics,7014,NR,1,B
Illumina_65_287,12.0,27.0,AGTATCATATAT,plaque3H11,5,H11,T9_B_23,T9,Probiotics,7014,NR,2,B
Illumina_65_288,0.0,11.0,AACGCTTCTTAT,plaque3H12,5,H12,T9_B_24,T9,Probiotics,7014,NR,3,B
Illumina_65_289,46.0,86.0,GTTCGGTGTCCA,plaque4A01,6,A1,T10_A_1,T10,Control,7023,R,1,A
Illumina_65_290,0.0,0.0,CTACCGATTGCG,plaque4A02,6,A2,T10_A_2,T10,Control,7023,R,2,A
Illumina_65_291,0.0,0.0,GAGAGTCCACTT,plaque4A03,6,A3,T10_A_3,T10,Control,7023,R,3,A
Illumina_65_292,0.0,9.0,CTAACCTCATAT,plaque4A04,6,A4,T10_A_4,T10,Probiotics,7023,R,1,A
Illumina_65_293,6.0,31.0,AGCTTCGACAGT,plaque4A05,6,A5,T10_A_5,T10,Probiotics,7023,R,2,A
Illumina_65_294,0.0,41.0,GAGAGGGATCAC,plaque4A06,6,A6,T10_A_6,T10,Probiotics,7023,R,3,A
Illumina_65_295,4.0,14.0,TGGCCGTTACTG,plaque4A07,6,A7,T10_A_7,T10,Control,7024,NR,1,A
Illumina_65_296,3.0,0.0,TTCAGCGATGGT,plaque4A08,6,A8,T10_A_8,T10,Control,7024,NR,2,A
Illumina_65_297,0.0,3.0,AAGATCGTACTG,plaque4A09,6,A9,T10_A_9,T10,Control,7024,NR,3,A
Illumina_65_298,8.0,0.0,ATTTGAAGAGGT,plaque4A10,6,A10,T10_A_10,T10,Probiotics,7024,NR,1,A
Illumina_65_299,6.0,10.0,GTCAATTAGTGG,plaque4A11,6,A11,T10_A_11,T10,Probiotics,7024,NR,2,A
Illumina_65_300,3.0,13.0,CCTAAGAGCATC,plaque4A12,6,A12,T10_A_12,T10,Probiotics,7024,NR,3,A
Illumina_65_301,0.0,0.0,GCAAGAATACAT,plaque4B01,6,B1,T10_A_13,T10,Control,7015,R,1,A
Illumina_65_302,0.0,0.0,GGTAATAGAGTT,plaque4B02,6,B2,T10_A_14,T10,Control,7015,R,2,A
Illumina_65_303,2.0,0.0,ATTTGCTTTGCC,plaque4B03,6,B3,T10_A_15,T10,Control,7015,R,3,A
Illumina_65_304,5.0,0.0,CTTCGGAGGGAG,plaque4B04,6,B4,T10_A_16,T10,Probiotics,7015,R,1,A
Illumina_65_305,0.0,0.0,TAAGAAACGTCA,plaque4B05,6,B5,T10_A_17,T10,Probiotics,7015,R,2,A
Illumina_65_306,0.0,0.0,TTGCGACAAAGT,plaque4B06,6,B6,T10_A_18,T10,Probiotics,7015,R,3,A
Illumina_65_307,4.0,7.0,AGGAACCAGACG,plaque4B07,6,B7,T10_A_19,T10,Control,7038,NR,1,A
Illumina_65_308,18.0,0.0,CGTGGTGGGAAC,plaque4B08,6,B8,T10_A_20,T10,Control,7038,NR,2,A
Illumina_65_309,489.0,0.0,GTCATTGGGCTA,plaque4B09,6,B9,T10_A_21,T10,Control,7038,NR,3,A
Illumina_65_310,694.0,4.0,TCTACGGCACGT,plaque4B10,6,B10,T10_A_22,T10,Probiotics,7038,NR,1,A
Illumina_65_311,2261.0,0.0,AGCCCGCAAAGG,plaque4B11,6,B11,T10_A_23,T10,Probiotics,7038,NR,2,A
Illumina_65_312,1589.0,0.0,GAGCGCCGAACA,plaque4B12,6,B12,T10_A_24,T10,Probiotics,7038,NR,3,A
Illumina_65_313,10.0,4.0,CAGGGTAGGGTA,plaque4C01,6,C1,T10_B_1,T10,Control,7017,R,1,B
Illumina_65_314,4.0,13.0,GTAAATTCAGGC,plaque4C02,6,C2,T10_B_2,T10,Control,7017,R,2,B
Illumina_65_315,35.0,8.0,ACCCGGATTTCG,plaque4C03,6,C3,T10_B_3,T10,Control,7017,R,3,B
Illumina_65_316,0.0,29.0,GTGACCCTGTCA,plaque4C04,6,C4,T10_B_4,T10,Probiotics,7017,R,1,B
Illumina_65_317,0.0,18.0,AGCAACATTGCA,plaque4C05,6,C5,T10_B_5,T10,Probiotics,7017,R,2,B
Illumina_65_318,0.0,0.0,CAGTGTCATGAA,plaque4C06,6,C6,T10_B_6,T10,Probiotics,7017,R,3,B
Illumina_65_319,59.0,9.0,GTTGACCATCGC,plaque4C07,6,C7,T10_B_7,T10,Control,7019,NR,1,B
Illumina_65_320,120.0,0.0,AGACACCAATGT,plaque4C08,6,C8,T10_B_8,T10,Control,7019,NR,2,B
Illumina_65_321,41.0,9.0,CGCAGATTAGTA,plaque4C09,6,C9,T10_B_9,T10,Control,7019,NR,3,B
Illumina_65_322,8.0,0.0,TCCTAGGTCCGA,plaque4C10,6,C10,T10_B_10,T10,Probiotics,7019,NR,1,B
Illumina_65_323,8.0,13.0,GGCCTATAAGTC,plaque4C11,6,C11,T10_B_11,T10,Probiotics,7019,NR,2,B
Illumina_65_324,0.0,9.0,CTCTATTCCACC,plaque4C12,6,C12,T10_B_12,T10,Probiotics,7019,NR,3,B
Illumina_65_325,342.0,0.0,CTAGTCGCTGGT,plaque4D01,6,D1,T10_B_13,T10,Control,7005,R,1,B
Illumina_65_326,199.0,0.0,AATATCGGGATC,plaque4D02,6,D2,T10_B_14,T10,Control,7005,R,2,B
Illumina_65_327,118.0,0.0,AAGCCTCTACGA,plaque4D03,6,D3,T10_B_15,T10,Control,7005,R,3,B
Illumina_65_328,33.0,11.0,GAGAATGGAAAG,plaque4D04,6,D4,T10_B_16,T10,Probiotics,7005,R,1,B
Illumina_65_329,63.0,9.0,GCTTCATTTCTG,plaque4D05,6,D5,T10_B_17,T10,Probiotics,7005,R,2,B
Illumina_65_330,334.0,9.0,CATTCAGTTATA,plaque4D06,6,D6,T10_B_18,T10,Probiotics,7005,R,3,B
Illumina_65_331,0.0,4.0,CCAGATATAGCA,plaque4D07,6,D7,T10_B_19,T10,Control,7014,NR,1,B
Illumina_65_332,18.0,0.0,TCATACAGCCAG,plaque4D08,6,D8,T10_B_20,T10,Control,7014,NR,2,B
Illumina_65_333,15.0,4.0,CTCATATGCTAT,plaque4D09,6,D9,T10_B_21,T10,Control,7014,NR,3,B
Illumina_65_334,4.0,4.0,CTCTTCTGATCA,plaque4D10,6,D10,T10_B_22,T10,Probiotics,7014,NR,1,B
Illumina_65_335,13.0,8.0,CGCGGCGCAGCT,plaque4D11,6,D11,T10_B_23,T10,Probiotics,7014,NR,2,B
Illumina_65_336,0.0,4.0,ATGGATAGCTAA,plaque4D12,6,D12,T10_B_24,T10,Probiotics,7014,NR,3,B
Illumina_65_337,6.0,0.0,AGAAGGCCTTAT,plaque4E01,6,E1,T12_A_1,T10,Control,7023,R,1,A
Illumina_65_338,0.0,4.0,TGGACTCAGCTA,plaque4E02,6,E2,T12_A_2,T10,Control,7023,R,2,A
Illumina_65_339,0.0,0.0,GCGATGGCGATG,plaque4E03,6,E3,T12_A_3,T10,Control,7023,R,3,A
Illumina_65_340,0.0,0.0,TAGGAGAGACAG,plaque4E04,6,E4,T12_A_4,T10,Probiotics,7023,R,1,A
Illumina_65_341,8.0,9.0,CAGTAGCGATAT,plaque4E05,6,E5,T12_A_5,T10,Probiotics,7023,R,2,A
Illumina_65_342,8.0,0.0,CCACTCTCTCTA,plaque4E06,6,E6,T12_A_6,T10,Probiotics,7023,R,3,A
Illumina_65_343,0.0,9.0,TATCGTTATCGT,plaque4E07,6,E7,T12_A_7,T10,Control,7024,NR,1,A
Illumina_65_344,0.0,6.0,ATGTATCAATTA,plaque4E08,6,E8,T12_A_8,T10,Control,7024,NR,2,A
Illumina_65_345,3.0,0.0,CAAATGGTCGTC,plaque4E09,6,E9,T12_A_9,T10,Control,7024,NR,3,A
Illumina_65_346,0.0,20.0,ACACGCGGTTTA,plaque4E10,6,E10,T12_A_10,T10,Probiotics,7024,NR,1,A
Illumina_65_347,0.0,3.0,AAGCCGGGTCCG,plaque4E11,6,E11,T12_A_11,T10,Probiotics,7024,NR,2,A
Illumina_65_348,0.0,6.0,AGGACGCCAGCA,plaque4E12,6,E12,T12_A_12,T10,Probiotics,7024,NR,3,A
Illumina_65_349,5.0,0.0,TTGGAACGGCTT,plaque4F01,6,F1,T12_A_13,T10,Control,7015,R,1,A
Illumina_65_350,5.0,0.0,TGTTGCGTTTCT,plaque4F02,6,F2,T12_A_14,T10,Control,7015,R,2,A
Illumina_65_351,0.0,0.0,TTATACGTTGTA,plaque4F03,6,F3,T12_A_15,T10,Control,7015,R,3,A
Illumina_65_352,0.0,0.0,GGTGTGAGAAAG,plaque4F04,6,F4,T12_A_16,T10,Probiotics,7015,R,1,A
Illumina_65_353,0.0,0.0,GCCAAGGATAGG,plaque4F05,6,F5,T12_A_17,T10,Probiotics,7015,R,2,A
Illumina_65_354,0.0,0.0,GAACAAAGAGCG,plaque4F06,6,F6,T12_A_18,T10,Probiotics,7015,R,3,A
Illumina_65_355,57.0,9.0,ATTCGGTAGTGC,plaque4F07,6,F7,T12_A_19,T10,Control,7038,NR,1,A
Illumina_65_356,192.0,8.0,CGCTGGCTTTAG,plaque4F08,6,F8,T12_A_20,T10,Control,7038,NR,2,A
Illumina_65_357,2041.0,54.0,CAGCTGGTTCAA,plaque4F09,6,F9,T12_A_21,T10,Control,7038,NR,3,A
Illumina_65_358,1355.0,0.0,CTTGAGAAATCG,plaque4F10,6,F10,T12_A_22,T10,Probiotics,7038,NR,1,A
Illumina_65_359,1349.0,38.0,CGAGGGAAAGTC,plaque4F11,6,F11,T12_A_23,T10,Probiotics,7038,NR,2,A
Illumina_65_360,1400.0,0.0,GAATGCGTATAA,plaque4F12,6,F12,T12_A_24,T10,Probiotics,7038,NR,3,A
Illumina_65_361,24.0,25.0,TACCTGTGTCTT,plaque4G01,6,G1,T12_B_1,T10,Control,7017,R,1,B
Illumina_65_362,9.0,4.0,GCTATATCCAGG,plaque4G02,6,G2,T12_B_2,T10,Control,7017,R,2,B
Illumina_65_363,12.0,31.0,CATGATTAAGAG,plaque4G03,6,G3,T12_B_3,T10,Control,7017,R,3,B
Illumina_65_364,24.0,14.0,ACCTATGGTGAA,plaque4G04,6,G4,T12_B_4,T10,Probiotics,7017,R,1,B
Illumina_65_365,0.0,0.0,AATCTAACAATT,plaque4G05,6,G5,T12_B_5,T10,Probiotics,7017,R,2,B
Illumina_65_366,5.0,0.0,GTTCCATCGGCC,plaque4G06,6,G6,T12_B_6,T10,Probiotics,7017,R,3,B
Illumina_65_367,189.0,5.0,TGACGAGGGCTG,plaque4G07,6,G7,T12_B_7,T10,Control,7019,NR,1,B
Illumina_65_368,326.0,11.0,AGACAGTAGGAG,plaque4G08,6,G8,T12_B_8,T10,Control,7019,NR,2,B
Illumina_65_369,0.0,7.0,ATAGACACTCCG,plaque4G09,6,G9,T12_B_9,T10,Control,7019,NR,3,B
Illumina_65_370,88.0,20.0,ACGGCCCTGGAG,plaque4G10,6,G10,T12_B_10,T10,Probiotics,7019,NR,1,B
Illumina_65_371,278.0,7.0,CTTCAAGATGGA,plaque4G11,6,G11,T12_B_11,T10,Probiotics,7019,NR,2,B
Illumina_65_372,4.0,0.0,CACAATACACCG,plaque4G12,6,G12,T12_B_12,T10,Probiotics,7019,NR,3,B
Illumina_65_373,288.0,0.0,GATGCGCAGGAC,plaque4H01,6,H1,T12_B_13,T10,Control,7005,R,1,B
Illumina_65_374,917.0,0.0,TGAAAGCGGCGA,plaque4H02,6,H2,T12_B_14,T10,Control,7005,R,2,B
Illumina_65_375,382.0,7.0,AGCACCGGTCTT,plaque4H03,6,H3,T12_B_15,T10,Control,7005,R,3,B
Illumina_65_376,1519.0,14.0,ACGCCGAGGTAG,plaque4H04,6,H4,T12_B_16,T10,Probiotics,7005,R,1,B
Illumina_65_377,127.0,5.0,CTCACGCAATGC,plaque4H05,6,H5,T12_B_17,T10,Probiotics,7005,R,2,B
Illumina_65_378,691.0,11.0,ATCGTTATATCA,plaque4H06,6,H6,T12_B_18,T10,Probiotics,7005,R,3,B
Illumina_65_379,16.0,16.0,TACTTAAACATC,plaque4H07,6,H7,T12_B_19,T10,Control,7014,NR,1,B
Illumina_65_380,14.0,0.0,GTGCGAGGACAA,plaque4H08,6,H8,T12_B_20,T10,Control,7014,NR,2,B
Illumina_65_381,44.0,5.0,CTTTGATAATAA,plaque4H09,6,H9,T12_B_21,T10,Control,7014,NR,3,B
Illumina_65_382,33.0,5.0,CATAAATTCTTG,plaque4H10,6,H10,T12_B_22,T10,Probiotics,7014,NR,1,B
Illumina_65_383,399.0,4.0,CTGTAAAGGTTG,plaque4H11,6,H11,T12_B_23,T10,Probiotics,7014,NR,2,B
Illumina_65_384,80.0,3.0,GGCAGTGTTAAT,plaque4H12,6,H12,T12_B_24,T10,Probiotics,7014,NR,3,B
